project,relative_path,mode,llm,size_bytes,size_kb
Air-Quality-Health-Prediction,Air-Quality-Health-Prediction/GENAIGREENML_assisted_chatgpt.py,assisted,chatgpt,4879,4.765
Air-Quality-Health-Prediction,Air-Quality-Health-Prediction/GENAIGREENML_assisted_claude.py,assisted,claude,2796,2.730
Air-Quality-Health-Prediction,Air-Quality-Health-Prediction/GENAIGREENML_assisted_codex.py,assisted,codex,4537,4.431
Air-Quality-Health-Prediction,Air-Quality-Health-Prediction/GENAIGREENML_assisted_gemini.py,assisted,gemini,3543,3.460
Air-Quality-Health-Prediction,Air-Quality-Health-Prediction/GENAIGREENML_autonomous_chatgpt.py,autonomous,chatgpt,14927,14.577
Air-Quality-Health-Prediction,Air-Quality-Health-Prediction/GENAIGREENML_autonomous_codex.py,autonomous,codex,6827,6.667
Air-Quality-Health-Prediction,Air-Quality-Health-Prediction/GENAIGREENML_autonomous_gemini.py,autonomous,gemini,5269,5.146
Air-Quality-Health-Prediction,Air-Quality-Health-Prediction/GENAIGREENML_original_telemetry_chatgpt.py,original,chatgpt,914,0.893
Algorithms_KnnClasifier,Algorithms_KnnClasifier/GENAIGREENML_assisted_chatgpt.py,assisted,chatgpt,3425,3.345
Algorithms_KnnClasifier,Algorithms_KnnClasifier/GENAIGREENML_assisted_claude.py,assisted,claude,3054,2.982
Algorithms_KnnClasifier,Algorithms_KnnClasifier/GENAIGREENML_assisted_codex.py,assisted,codex,4746,4.635
Algorithms_KnnClasifier,Algorithms_KnnClasifier/GENAIGREENML_assisted_gemini.py,assisted,gemini,2659,2.597
Algorithms_KnnClasifier,Algorithms_KnnClasifier/GENAIGREENML_autonomous_chatgpt.py,autonomous,chatgpt,10492,10.246
Algorithms_KnnClasifier,Algorithms_KnnClasifier/GENAIGREENML_autonomous_claude.py,autonomous,claude,3093,3.021
Algorithms_KnnClasifier,Algorithms_KnnClasifier/GENAIGREENML_autonomous_codex.py,autonomous,codex,6511,6.358
Algorithms_KnnClasifier,Algorithms_KnnClasifier/GENAIGREENML_autonomous_gemini.py,autonomous,gemini,4451,4.347
Algorithms_KnnClasifier,Algorithms_KnnClasifier/GENAIGREENML_original_telemetry_chatgpt.py,original,chatgpt,2348,2.293
Annotated_Colab_Notebook,Annotated_Colab_Notebook/GENAIGREENML_assisted_chatgpt.py,assisted,chatgpt,2509,2.450
Annotated_Colab_Notebook,Annotated_Colab_Notebook/GENAIGREENML_assisted_claude.py,assisted,claude,2170,2.119
Annotated_Colab_Notebook,Annotated_Colab_Notebook/GENAIGREENML_assisted_codex.py,assisted,codex,1887,1.843
Annotated_Colab_Notebook,Annotated_Colab_Notebook/GENAIGREENML_assisted_gemini.py,assisted,gemini,2061,2.013
Annotated_Colab_Notebook,Annotated_Colab_Notebook/GENAIGREENML_autonomous_chatgpt.py,autonomous,chatgpt,13683,13.362
Annotated_Colab_Notebook,Annotated_Colab_Notebook/GENAIGREENML_autonomous_codex.py,autonomous,codex,7722,7.541
Annotated_Colab_Notebook,Annotated_Colab_Notebook/GENAIGREENML_autonomous_gemini.py,autonomous,gemini,5014,4.896
Annotated_Colab_Notebook,Annotated_Colab_Notebook/GENAIGREENML_original_telemetry_chatgpt.py,original,chatgpt,860,0.840
BREAST-CANCER-PREDICTION-SYSTEM,BREAST-CANCER-PREDICTION-SYSTEM/GENAIGREENML_assisted_chatgpt.py,assisted,chatgpt,4575,4.468
BREAST-CANCER-PREDICTION-SYSTEM,BREAST-CANCER-PREDICTION-SYSTEM/GENAIGREENML_assisted_claude.py,assisted,claude,2189,2.138
BREAST-CANCER-PREDICTION-SYSTEM,BREAST-CANCER-PREDICTION-SYSTEM/GENAIGREENML_assisted_codex.py,assisted,codex,4495,4.390
BREAST-CANCER-PREDICTION-SYSTEM,BREAST-CANCER-PREDICTION-SYSTEM/GENAIGREENML_assisted_gemini.py,assisted,gemini,2238,2.186
BREAST-CANCER-PREDICTION-SYSTEM,BREAST-CANCER-PREDICTION-SYSTEM/GENAIGREENML_autonomous_chatgpt.py,autonomous,chatgpt,11504,11.234
BREAST-CANCER-PREDICTION-SYSTEM,BREAST-CANCER-PREDICTION-SYSTEM/GENAIGREENML_autonomous_claude.py,autonomous,claude,3257,3.181
BREAST-CANCER-PREDICTION-SYSTEM,BREAST-CANCER-PREDICTION-SYSTEM/GENAIGREENML_autonomous_codex.py,autonomous,codex,6663,6.507
BREAST-CANCER-PREDICTION-SYSTEM,BREAST-CANCER-PREDICTION-SYSTEM/GENAIGREENML_autonomous_gemini.py,autonomous,gemini,4959,4.843
BREAST-CANCER-PREDICTION-SYSTEM,BREAST-CANCER-PREDICTION-SYSTEM/GENAIGREENML_original_telemetry_chatgpt.py,original,chatgpt,2242,2.189
BreastCancer_Classification,BreastCancer_Classification/GENAIGREENML_assisted_chatgpt.py,assisted,chatgpt,4815,4.702
BreastCancer_Classification,BreastCancer_Classification/GENAIGREENML_assisted_claude.py,assisted,claude,2324,2.270
BreastCancer_Classification,BreastCancer_Classification/GENAIGREENML_assisted_codex.py,assisted,codex,4235,4.136
BreastCancer_Classification,BreastCancer_Classification/GENAIGREENML_assisted_gemini.py,assisted,gemini,2178,2.127
BreastCancer_Classification,BreastCancer_Classification/GENAIGREENML_autonomous_chatgpt.py,autonomous,chatgpt,10219,9.979
BreastCancer_Classification,BreastCancer_Classification/GENAIGREENML_autonomous_codex.py,autonomous,codex,6597,6.442
BreastCancer_Classification,BreastCancer_Classification/GENAIGREENML_original_telemetry_chatgpt.py,original,chatgpt,2547,2.487
CT_Project,CT_Project/GENAIGREENML_assisted_chatgpt.py,assisted,chatgpt,2929,2.860
CT_Project,CT_Project/GENAIGREENML_assisted_claude.py,assisted,claude,2108,2.059
CT_Project,CT_Project/GENAIGREENML_assisted_codex.py,assisted,codex,3046,2.975
CT_Project,CT_Project/GENAIGREENML_assisted_gemini.py,assisted,gemini,2371,2.315
CT_Project,CT_Project/GENAIGREENML_autonomous_chatgpt.py,autonomous,chatgpt,8704,8.500
CT_Project,CT_Project/GENAIGREENML_autonomous_claude.py,autonomous,claude,3060,2.988
CT_Project,CT_Project/GENAIGREENML_autonomous_codex.py,autonomous,codex,7799,7.616
CT_Project,CT_Project/GENAIGREENML_autonomous_gemini.py,autonomous,gemini,4139,4.042
CT_Project,CT_Project/GENAIGREENML_original_telemetry_chatgpt.py,original,chatgpt,1648,1.609
Classification-with-xgboost-on-binary.csv-data,Classification-with-xgboost-on-binary.csv-data/GENAIGREENML_assisted_chatgpt.py,assisted,chatgpt,4376,4.273
Classification-with-xgboost-on-binary.csv-data,Classification-with-xgboost-on-binary.csv-data/GENAIGREENML_assisted_claude.py,assisted,claude,2134,2.084
Classification-with-xgboost-on-binary.csv-data,Classification-with-xgboost-on-binary.csv-data/GENAIGREENML_assisted_codex.py,assisted,codex,3299,3.222
Classification-with-xgboost-on-binary.csv-data,Classification-with-xgboost-on-binary.csv-data/GENAIGREENML_assisted_gemini.py,assisted,gemini,2280,2.227
Classification-with-xgboost-on-binary.csv-data,Classification-with-xgboost-on-binary.csv-data/GENAIGREENML_autonomous_chatgpt.py,autonomous,chatgpt,10311,10.069
Classification-with-xgboost-on-binary.csv-data,Classification-with-xgboost-on-binary.csv-data/GENAIGREENML_autonomous_claude.py,autonomous,claude,3117,3.044
Classification-with-xgboost-on-binary.csv-data,Classification-with-xgboost-on-binary.csv-data/GENAIGREENML_autonomous_codex.py,autonomous,codex,8125,7.935
Classification-with-xgboost-on-binary.csv-data,Classification-with-xgboost-on-binary.csv-data/GENAIGREENML_autonomous_gemini.py,autonomous,gemini,4700,4.590
Classification-with-xgboost-on-binary.csv-data,Classification-with-xgboost-on-binary.csv-data/GENAIGREENML_original_telemetry_chatgpt.py,original,chatgpt,1353,1.321
CodeAlpha_IrisClassification,CodeAlpha_IrisClassification/GENAIGREENML_assisted_chatgpt.py,assisted,chatgpt,3770,3.682
CodeAlpha_IrisClassification,CodeAlpha_IrisClassification/GENAIGREENML_assisted_claude.py,assisted,claude,2061,2.013
CodeAlpha_IrisClassification,CodeAlpha_IrisClassification/GENAIGREENML_assisted_codex.py,assisted,codex,3221,3.146
CodeAlpha_IrisClassification,CodeAlpha_IrisClassification/GENAIGREENML_assisted_gemini.py,assisted,gemini,2237,2.185
CodeAlpha_IrisClassification,CodeAlpha_IrisClassification/GENAIGREENML_autonomous_chatgpt.py,autonomous,chatgpt,10021,9.786
CodeAlpha_IrisClassification,CodeAlpha_IrisClassification/GENAIGREENML_autonomous_claude.py,autonomous,claude,3066,2.994
CodeAlpha_IrisClassification,CodeAlpha_IrisClassification/GENAIGREENML_autonomous_codex.py,autonomous,codex,8162,7.971
CodeAlpha_IrisClassification,CodeAlpha_IrisClassification/GENAIGREENML_autonomous_gemini.py,autonomous,gemini,4541,4.435
CodeAlpha_IrisClassification,CodeAlpha_IrisClassification/GENAIGREENML_original_telemetry_chatgpt.py,original,chatgpt,1369,1.337
Cuisine-Predictor,Cuisine-Predictor/GENAIGREENML_assisted_chatgpt.py,assisted,chatgpt,3443,3.362
Cuisine-Predictor,Cuisine-Predictor/GENAIGREENML_assisted_claude.py,assisted,claude,3420,3.340
Cuisine-Predictor,Cuisine-Predictor/GENAIGREENML_assisted_codex.py,assisted,codex,5824,5.688
Cuisine-Predictor,Cuisine-Predictor/GENAIGREENML_assisted_gemini.py,assisted,gemini,3925,3.833
Cuisine-Predictor,Cuisine-Predictor/GENAIGREENML_autonomous_chatgpt.py,autonomous,chatgpt,12169,11.884
Cuisine-Predictor,Cuisine-Predictor/GENAIGREENML_autonomous_codex.py,autonomous,codex,8065,7.876
Cuisine-Predictor,Cuisine-Predictor/GENAIGREENML_autonomous_gemini.py,autonomous,gemini,5104,4.984
Cuisine-Predictor,Cuisine-Predictor/GENAIGREENML_original_telemetry_chatgpt.py,original,chatgpt,2900,2.832
Decision-Trees,Decision-Trees/GENAIGREENML_assisted_chatgpt.py,assisted,chatgpt,13384,13.070
Decision-Trees,Decision-Trees/GENAIGREENML_assisted_claude.py,assisted,claude,6838,6.678
Decision-Trees,Decision-Trees/GENAIGREENML_assisted_codex.py,assisted,codex,11373,11.106
Decision-Trees,Decision-Trees/GENAIGREENML_assisted_gemini.py,assisted,gemini,7174,7.006
Decision-Trees,Decision-Trees/GENAIGREENML_autonomous_chatgpt.py,autonomous,chatgpt,9413,9.192
Decision-Trees,Decision-Trees/GENAIGREENML_autonomous_codex.py,autonomous,codex,9843,9.612
Decision-Trees,Decision-Trees/GENAIGREENML_autonomous_gemini.py,autonomous,gemini,5179,5.058
Decision-Trees,Decision-Trees/GENAIGREENML_original_telemetry_chatgpt.py,original,chatgpt,10341,10.099
DecisionTreeClassifier,DecisionTreeClassifier/GENAIGREENML_assisted_chatgpt.py,assisted,chatgpt,2674,2.611
DecisionTreeClassifier,DecisionTreeClassifier/GENAIGREENML_assisted_claude.py,assisted,claude,1414,1.381
DecisionTreeClassifier,DecisionTreeClassifier/GENAIGREENML_assisted_codex.py,assisted,codex,2254,2.201
DecisionTreeClassifier,DecisionTreeClassifier/GENAIGREENML_assisted_gemini.py,assisted,gemini,1664,1.625
DecisionTreeClassifier,DecisionTreeClassifier/GENAIGREENML_autonomous_chatgpt.py,autonomous,chatgpt,10814,10.561
DecisionTreeClassifier,DecisionTreeClassifier/GENAIGREENML_autonomous_claude.py,autonomous,claude,3105,3.032
DecisionTreeClassifier,DecisionTreeClassifier/GENAIGREENML_autonomous_codex.py,autonomous,codex,6825,6.665
DecisionTreeClassifier,DecisionTreeClassifier/GENAIGREENML_autonomous_gemini.py,autonomous,gemini,4835,4.722
DecisionTreeClassifier,DecisionTreeClassifier/GENAIGREENML_original_telemetry_chatgpt.py,original,chatgpt,598,0.584
Deep-Learning-Classification,Deep-Learning-Classification/GENAIGREENML_assisted_chatgpt.py,assisted,chatgpt,5050,4.932
Deep-Learning-Classification,Deep-Learning-Classification/GENAIGREENML_assisted_claude.py,assisted,claude,3141,3.067
Deep-Learning-Classification,Deep-Learning-Classification/GENAIGREENML_assisted_codex.py,assisted,codex,4335,4.233
Deep-Learning-Classification,Deep-Learning-Classification/GENAIGREENML_assisted_gemini.py,assisted,gemini,2793,2.728
Deep-Learning-Classification,Deep-Learning-Classification/GENAIGREENML_autonomous_chatgpt.py,autonomous,chatgpt,8202,8.010
Deep-Learning-Classification,Deep-Learning-Classification/GENAIGREENML_autonomous_codex.py,autonomous,codex,6716,6.559
Deep-Learning-Classification,Deep-Learning-Classification/GENAIGREENML_autonomous_gemini.py,autonomous,gemini,5450,5.322
Deep-Learning-Classification,Deep-Learning-Classification/GENAIGREENML_original_telemetry_chatgpt.py,original,chatgpt,1921,1.876
Deep-learning-classification-based-model-for-screening-compounds-with-hERG-inhibitory-activity,Deep-learning-classification-based-model-for-screening-compounds-with-hERG-inhibitory-activity/GENAIGREENML_assisted_chatgpt.py,assisted,chatgpt,6398,6.248
Deep-learning-classification-based-model-for-screening-compounds-with-hERG-inhibitory-activity,Deep-learning-classification-based-model-for-screening-compounds-with-hERG-inhibitory-activity/GENAIGREENML_assisted_claude.py,assisted,claude,2939,2.870
Deep-learning-classification-based-model-for-screening-compounds-with-hERG-inhibitory-activity,Deep-learning-classification-based-model-for-screening-compounds-with-hERG-inhibitory-activity/GENAIGREENML_assisted_codex.py,assisted,codex,6544,6.391
Deep-learning-classification-based-model-for-screening-compounds-with-hERG-inhibitory-activity,Deep-learning-classification-based-model-for-screening-compounds-with-hERG-inhibitory-activity/GENAIGREENML_assisted_gemini.py,assisted,gemini,3492,3.410
Deep-learning-classification-based-model-for-screening-compounds-with-hERG-inhibitory-activity,Deep-learning-classification-based-model-for-screening-compounds-with-hERG-inhibitory-activity/GENAIGREENML_autonomous_chatgpt.py,autonomous,chatgpt,10135,9.897
Deep-learning-classification-based-model-for-screening-compounds-with-hERG-inhibitory-activity,Deep-learning-classification-based-model-for-screening-compounds-with-hERG-inhibitory-activity/GENAIGREENML_autonomous_codex.py,autonomous,codex,7736,7.555
Deep-learning-classification-based-model-for-screening-compounds-with-hERG-inhibitory-activity,Deep-learning-classification-based-model-for-screening-compounds-with-hERG-inhibitory-activity/GENAIGREENML_autonomous_gemini.py,autonomous,gemini,5205,5.083
Deep-learning-classification-based-model-for-screening-compounds-with-hERG-inhibitory-activity,Deep-learning-classification-based-model-for-screening-compounds-with-hERG-inhibitory-activity/GENAIGREENML_original_telemetry_chatgpt.py,original,chatgpt,4198,4.100
Diabetes-Classification-with-SVM,Diabetes-Classification-with-SVM/GENAIGREENML_assisted_chatgpt.py,assisted,chatgpt,3619,3.534
Diabetes-Classification-with-SVM,Diabetes-Classification-with-SVM/GENAIGREENML_assisted_claude.py,assisted,claude,2366,2.311
Diabetes-Classification-with-SVM,Diabetes-Classification-with-SVM/GENAIGREENML_assisted_codex.py,assisted,codex,3120,3.047
Diabetes-Classification-with-SVM,Diabetes-Classification-with-SVM/GENAIGREENML_assisted_gemini.py,assisted,gemini,2747,2.683
Diabetes-Classification-with-SVM,Diabetes-Classification-with-SVM/GENAIGREENML_autonomous_chatgpt.py,autonomous,chatgpt,11572,11.301
Diabetes-Classification-with-SVM,Diabetes-Classification-with-SVM/GENAIGREENML_autonomous_claude.py,autonomous,claude,3121,3.048
Diabetes-Classification-with-SVM,Diabetes-Classification-with-SVM/GENAIGREENML_autonomous_codex.py,autonomous,codex,6955,6.792
Diabetes-Classification-with-SVM,Diabetes-Classification-with-SVM/GENAIGREENML_autonomous_gemini.py,autonomous,gemini,5168,5.047
Diabetes-Classification-with-SVM,Diabetes-Classification-with-SVM/GENAIGREENML_original_telemetry_chatgpt.py,original,chatgpt,1611,1.573
Email-spam-detector,Email-spam-detector/GENAIGREENML_assisted_chatgpt.py,assisted,chatgpt,3794,3.705
Email-spam-detector,Email-spam-detector/GENAIGREENML_assisted_claude.py,assisted,claude,2581,2.521
Email-spam-detector,Email-spam-detector/GENAIGREENML_assisted_codex.py,assisted,codex,3223,3.147
Email-spam-detector,Email-spam-detector/GENAIGREENML_assisted_gemini.py,assisted,gemini,4651,4.542
Email-spam-detector,Email-spam-detector/GENAIGREENML_autonomous_chatgpt.py,autonomous,chatgpt,11903,11.624
Email-spam-detector,Email-spam-detector/GENAIGREENML_autonomous_codex.py,autonomous,codex,8001,7.813
Email-spam-detector,Email-spam-detector/GENAIGREENML_autonomous_gemini.py,autonomous,gemini,4929,4.813
Email-spam-detector,Email-spam-detector/GENAIGREENML_original_telemetry_chatgpt.py,original,chatgpt,3061,2.989
FakeNewsPrediction,FakeNewsPrediction/GENAIGREENML_assisted_chatgpt.py,assisted,chatgpt,4222,4.123
FakeNewsPrediction,FakeNewsPrediction/GENAIGREENML_assisted_claude.py,assisted,claude,2597,2.536
FakeNewsPrediction,FakeNewsPrediction/GENAIGREENML_assisted_codex.py,assisted,codex,3701,3.614
FakeNewsPrediction,FakeNewsPrediction/GENAIGREENML_assisted_gemini.py,assisted,gemini,2515,2.456
FakeNewsPrediction,FakeNewsPrediction/GENAIGREENML_autonomous_chatgpt.py,autonomous,chatgpt,10435,10.190
FakeNewsPrediction,FakeNewsPrediction/GENAIGREENML_autonomous_codex.py,autonomous,codex,8365,8.169
FakeNewsPrediction,FakeNewsPrediction/GENAIGREENML_autonomous_gemini.py,autonomous,gemini,4966,4.850
FakeNewsPrediction,FakeNewsPrediction/GENAIGREENML_original_telemetry_chatgpt.py,original,chatgpt,984,0.961
HWStudentGradPredictor,HWStudentGradPredictor/GENAIGREENML_assisted_chatgpt.py,assisted,chatgpt,4411,4.308
HWStudentGradPredictor,HWStudentGradPredictor/GENAIGREENML_assisted_claude.py,assisted,claude,1663,1.624
HWStudentGradPredictor,HWStudentGradPredictor/GENAIGREENML_assisted_codex.py,assisted,codex,3433,3.353
HWStudentGradPredictor,HWStudentGradPredictor/GENAIGREENML_assisted_gemini.py,assisted,gemini,1924,1.879
HWStudentGradPredictor,HWStudentGradPredictor/GENAIGREENML_autonomous_chatgpt.py,autonomous,chatgpt,8217,8.024
HWStudentGradPredictor,HWStudentGradPredictor/GENAIGREENML_autonomous_codex.py,autonomous,codex,6460,6.309
HWStudentGradPredictor,HWStudentGradPredictor/GENAIGREENML_autonomous_gemini.py,autonomous,gemini,4812,4.699
HWStudentGradPredictor,HWStudentGradPredictor/GENAIGREENML_original_telemetry_chatgpt.py,original,chatgpt,1003,0.979
IMDB-Sentiment-Analysis,IMDB-Sentiment-Analysis/GENAIGREENML_assisted_chatgpt.py,assisted,chatgpt,3343,3.265
IMDB-Sentiment-Analysis,IMDB-Sentiment-Analysis/GENAIGREENML_assisted_claude.py,assisted,claude,1758,1.717
IMDB-Sentiment-Analysis,IMDB-Sentiment-Analysis/GENAIGREENML_assisted_codex.py,assisted,codex,3392,3.312
IMDB-Sentiment-Analysis,IMDB-Sentiment-Analysis/GENAIGREENML_assisted_gemini.py,assisted,gemini,1962,1.916
IMDB-Sentiment-Analysis,IMDB-Sentiment-Analysis/GENAIGREENML_autonomous_chatgpt.py,autonomous,chatgpt,10093,9.856
IMDB-Sentiment-Analysis,IMDB-Sentiment-Analysis/GENAIGREENML_autonomous_claude.py,autonomous,claude,2969,2.899
IMDB-Sentiment-Analysis,IMDB-Sentiment-Analysis/GENAIGREENML_autonomous_codex.py,autonomous,codex,6660,6.504
IMDB-Sentiment-Analysis,IMDB-Sentiment-Analysis/GENAIGREENML_autonomous_gemini.py,autonomous,gemini,4872,4.758
IMDB-Sentiment-Analysis,IMDB-Sentiment-Analysis/GENAIGREENML_original_telemetry_chatgpt.py,original,chatgpt,1633,1.595
Iris-Classification-ML-problem,Iris-Classification-ML-problem/GENAIGREENML_assisted_chatgpt.py,assisted,chatgpt,4961,4.845
Iris-Classification-ML-problem,Iris-Classification-ML-problem/GENAIGREENML_assisted_claude.py,assisted,claude,2873,2.806
Iris-Classification-ML-problem,Iris-Classification-ML-problem/GENAIGREENML_assisted_codex.py,assisted,codex,4932,4.816
Iris-Classification-ML-problem,Iris-Classification-ML-problem/GENAIGREENML_assisted_gemini.py,assisted,gemini,3197,3.122
Iris-Classification-ML-problem,Iris-Classification-ML-problem/GENAIGREENML_autonomous_chatgpt.py,autonomous,chatgpt,11277,11.013
Iris-Classification-ML-problem,Iris-Classification-ML-problem/GENAIGREENML_autonomous_codex.py,autonomous,codex,8522,8.322
Iris-Classification-ML-problem,Iris-Classification-ML-problem/GENAIGREENML_autonomous_gemini.py,autonomous,gemini,5296,5.172
Iris-Classification-ML-problem,Iris-Classification-ML-problem/GENAIGREENML_original_telemetry_chatgpt.py,original,chatgpt,3182,3.107
Iris-Flower-Classification-Codealpha,Iris-Flower-Classification-Codealpha/GENAIGREENML_assisted_chatgpt.py,assisted,chatgpt,3053,2.981
Iris-Flower-Classification-Codealpha,Iris-Flower-Classification-Codealpha/GENAIGREENML_assisted_claude.py,assisted,claude,2089,2.040
Iris-Flower-Classification-Codealpha,Iris-Flower-Classification-Codealpha/GENAIGREENML_assisted_codex.py,assisted,codex,3431,3.351
Iris-Flower-Classification-Codealpha,Iris-Flower-Classification-Codealpha/GENAIGREENML_assisted_gemini.py,assisted,gemini,2195,2.144
Iris-Flower-Classification-Codealpha,Iris-Flower-Classification-Codealpha/GENAIGREENML_autonomous_chatgpt.py,autonomous,chatgpt,8539,8.339
Iris-Flower-Classification-Codealpha,Iris-Flower-Classification-Codealpha/GENAIGREENML_autonomous_claude.py,autonomous,claude,3165,3.091
Iris-Flower-Classification-Codealpha,Iris-Flower-Classification-Codealpha/GENAIGREENML_autonomous_codex.py,autonomous,codex,7338,7.166
Iris-Flower-Classification-Codealpha,Iris-Flower-Classification-Codealpha/GENAIGREENML_autonomous_gemini.py,autonomous,gemini,4599,4.491
Iris-Flower-Classification-Codealpha,Iris-Flower-Classification-Codealpha/GENAIGREENML_original_telemetry_chatgpt.py,original,chatgpt,1167,1.140
Iris-Flower-Classification-Codealpha2,Iris-Flower-Classification-Codealpha2/GENAIGREENML_assisted_chatgpt.py,assisted,chatgpt,3010,2.939
Iris-Flower-Classification-Codealpha2,Iris-Flower-Classification-Codealpha2/GENAIGREENML_assisted_claude.py,assisted,claude,1924,1.879
Iris-Flower-Classification-Codealpha2,Iris-Flower-Classification-Codealpha2/GENAIGREENML_assisted_codex.py,assisted,codex,2690,2.627
Iris-Flower-Classification-Codealpha2,Iris-Flower-Classification-Codealpha2/GENAIGREENML_assisted_gemini.py,assisted,gemini,1877,1.833
Iris-Flower-Classification-Codealpha2,Iris-Flower-Classification-Codealpha2/GENAIGREENML_autonomous_chatgpt.py,autonomous,chatgpt,9948,9.715
Iris-Flower-Classification-Codealpha2,Iris-Flower-Classification-Codealpha2/GENAIGREENML_autonomous_claude.py,autonomous,claude,3180,3.105
Iris-Flower-Classification-Codealpha2,Iris-Flower-Classification-Codealpha2/GENAIGREENML_autonomous_codex.py,autonomous,codex,5904,5.766
Iris-Flower-Classification-Codealpha2,Iris-Flower-Classification-Codealpha2/GENAIGREENML_autonomous_gemini.py,autonomous,gemini,5548,5.418
Iris-Flower-Classification-Codealpha2,Iris-Flower-Classification-Codealpha2/GENAIGREENML_original_telemetry_chatgpt.py,original,chatgpt,1131,1.104
Iris-Flower-Classification-Codealpha3,Iris-Flower-Classification-Codealpha3/GENAIGREENML_assisted_chatgpt.py,assisted,chatgpt,2617,2.556
Iris-Flower-Classification-Codealpha3,Iris-Flower-Classification-Codealpha3/GENAIGREENML_assisted_claude.py,assisted,claude,1675,1.636
Iris-Flower-Classification-Codealpha3,Iris-Flower-Classification-Codealpha3/GENAIGREENML_assisted_codex.py,assisted,codex,2599,2.538
Iris-Flower-Classification-Codealpha3,Iris-Flower-Classification-Codealpha3/GENAIGREENML_assisted_gemini.py,assisted,gemini,1879,1.835
Iris-Flower-Classification-Codealpha3,Iris-Flower-Classification-Codealpha3/GENAIGREENML_autonomous_chatgpt.py,autonomous,chatgpt,9204,8.988
Iris-Flower-Classification-Codealpha3,Iris-Flower-Classification-Codealpha3/GENAIGREENML_autonomous_claude.py,autonomous,claude,3184,3.109
Iris-Flower-Classification-Codealpha3,Iris-Flower-Classification-Codealpha3/GENAIGREENML_autonomous_codex.py,autonomous,codex,7539,7.362
Iris-Flower-Classification-Codealpha3,Iris-Flower-Classification-Codealpha3/GENAIGREENML_autonomous_gemini.py,autonomous,gemini,4622,4.514
Iris-Flower-Classification-Codealpha3,Iris-Flower-Classification-Codealpha3/GENAIGREENML_original_telemetry_chatgpt.py,original,chatgpt,1010,0.986
Iris-ML-Lab,Iris-ML-Lab/GENAIGREENML_assisted_chatgpt.py,assisted,chatgpt,4096,4.000
Iris-ML-Lab,Iris-ML-Lab/GENAIGREENML_assisted_claude.py,assisted,claude,1595,1.558
Iris-ML-Lab,Iris-ML-Lab/GENAIGREENML_assisted_codex.py,assisted,codex,3129,3.056
Iris-ML-Lab,Iris-ML-Lab/GENAIGREENML_assisted_gemini.py,assisted,gemini,1989,1.942
Iris-ML-Lab,Iris-ML-Lab/GENAIGREENML_autonomous_chatgpt.py,autonomous,chatgpt,8885,8.677
Iris-ML-Lab,Iris-ML-Lab/GENAIGREENML_autonomous_claude.py,autonomous,claude,3370,3.291
Iris-ML-Lab,Iris-ML-Lab/GENAIGREENML_autonomous_codex.py,autonomous,codex,7539,7.362
Iris-ML-Lab,Iris-ML-Lab/GENAIGREENML_autonomous_gemini.py,autonomous,gemini,4652,4.543
Iris-ML-Lab,Iris-ML-Lab/GENAIGREENML_original_telemetry_chatgpt.py,original,chatgpt,934,0.912
JunctionalClassifier,JunctionalClassifier/GENAIGREENML_assisted_chatgpt.py,assisted,chatgpt,4420,4.316
JunctionalClassifier,JunctionalClassifier/GENAIGREENML_assisted_claude.py,assisted,claude,2347,2.292
JunctionalClassifier,JunctionalClassifier/GENAIGREENML_assisted_codex.py,assisted,codex,10455,10.210
JunctionalClassifier,JunctionalClassifier/GENAIGREENML_assisted_gemini.py,assisted,gemini,2876,2.809
JunctionalClassifier,JunctionalClassifier/GENAIGREENML_autonomous_chatgpt.py,autonomous,chatgpt,13419,13.104
JunctionalClassifier,JunctionalClassifier/GENAIGREENML_autonomous_gemini.py,autonomous,gemini,5892,5.754
JunctionalClassifier,JunctionalClassifier/GENAIGREENML_original_telemetry_chatgpt.py,original,chatgpt,3216,3.141
JunctionalClassifier2,JunctionalClassifier2/GENAIGREENML_assisted_chatgpt.py,assisted,chatgpt,3125,3.052
JunctionalClassifier2,JunctionalClassifier2/GENAIGREENML_assisted_claude.py,assisted,claude,1886,1.842
JunctionalClassifier2,JunctionalClassifier2/GENAIGREENML_assisted_codex.py,assisted,codex,5121,5.001
JunctionalClassifier2,JunctionalClassifier2/GENAIGREENML_assisted_gemini.py,assisted,gemini,2354,2.299
JunctionalClassifier2,JunctionalClassifier2/GENAIGREENML_autonomous_chatgpt.py,autonomous,chatgpt,10461,10.216
JunctionalClassifier2,JunctionalClassifier2/GENAIGREENML_autonomous_codex.py,autonomous,codex,9369,9.149
JunctionalClassifier2,JunctionalClassifier2/GENAIGREENML_autonomous_gemini.py,autonomous,gemini,6588,6.434
JunctionalClassifier2,JunctionalClassifier2/GENAIGREENML_original_telemetry_chatgpt.py,original,chatgpt,2892,2.824
JunctionalClassifier3,JunctionalClassifier3/GENAIGREENML_assisted_chatgpt.py,assisted,chatgpt,2694,2.631
JunctionalClassifier3,JunctionalClassifier3/GENAIGREENML_assisted_claude.py,assisted,claude,3512,3.430
JunctionalClassifier3,JunctionalClassifier3/GENAIGREENML_assisted_codex.py,assisted,codex,8662,8.459
JunctionalClassifier3,JunctionalClassifier3/GENAIGREENML_assisted_gemini.py,assisted,gemini,2967,2.897
JunctionalClassifier3,JunctionalClassifier3/GENAIGREENML_autonomous_gemini.py,autonomous,gemini,6460,6.309
JunctionalClassifier3,JunctionalClassifier3/GENAIGREENML_original_telemetry_chatgpt.py,original,chatgpt,2921,2.853
K-Nearest-Neighbor-Algorithm,K-Nearest-Neighbor-Algorithm/GENAIGREENML_assisted_chatgpt.py,assisted,chatgpt,12028,11.746
K-Nearest-Neighbor-Algorithm,K-Nearest-Neighbor-Algorithm/GENAIGREENML_assisted_claude.py,assisted,claude,2202,2.150
K-Nearest-Neighbor-Algorithm,K-Nearest-Neighbor-Algorithm/GENAIGREENML_assisted_codex.py,assisted,codex,9785,9.556
K-Nearest-Neighbor-Algorithm,K-Nearest-Neighbor-Algorithm/GENAIGREENML_assisted_gemini.py,assisted,gemini,2619,2.558
K-Nearest-Neighbor-Algorithm,K-Nearest-Neighbor-Algorithm/GENAIGREENML_autonomous_chatgpt.py,autonomous,chatgpt,7663,7.483
K-Nearest-Neighbor-Algorithm,K-Nearest-Neighbor-Algorithm/GENAIGREENML_autonomous_claude.py,autonomous,claude,3024,2.953
K-Nearest-Neighbor-Algorithm,K-Nearest-Neighbor-Algorithm/GENAIGREENML_autonomous_codex.py,autonomous,codex,6550,6.396
K-Nearest-Neighbor-Algorithm,K-Nearest-Neighbor-Algorithm/GENAIGREENML_autonomous_gemini.py,autonomous,gemini,4897,4.782
K-Nearest-Neighbor-Algorithm,K-Nearest-Neighbor-Algorithm/GENAIGREENML_original_telemetry_chatgpt.py,original,chatgpt,2384,2.328
ML_CSV_Classification,ML_CSV_Classification/GENAIGREENML_assisted_chatgpt.py,assisted,chatgpt,2831,2.765
ML_CSV_Classification,ML_CSV_Classification/GENAIGREENML_assisted_claude.py,assisted,claude,1680,1.641
ML_CSV_Classification,ML_CSV_Classification/GENAIGREENML_assisted_codex.py,assisted,codex,3928,3.836
ML_CSV_Classification,ML_CSV_Classification/GENAIGREENML_assisted_gemini.py,assisted,gemini,2214,2.162
ML_CSV_Classification,ML_CSV_Classification/GENAIGREENML_autonomous_chatgpt.py,autonomous,chatgpt,13705,13.384
ML_CSV_Classification,ML_CSV_Classification/GENAIGREENML_autonomous_gemini.py,autonomous,gemini,5769,5.634
ML_CSV_Classification,ML_CSV_Classification/GENAIGREENML_original_telemetry_chatgpt.py,original,chatgpt,2149,2.099
MachineLearn-WineClassifier,MachineLearn-WineClassifier/GENAIGREENML_assisted_chatgpt.py,assisted,chatgpt,2934,2.865
MachineLearn-WineClassifier,MachineLearn-WineClassifier/GENAIGREENML_assisted_claude.py,assisted,claude,1781,1.739
MachineLearn-WineClassifier,MachineLearn-WineClassifier/GENAIGREENML_assisted_codex.py,assisted,codex,3170,3.096
MachineLearn-WineClassifier,MachineLearn-WineClassifier/GENAIGREENML_assisted_gemini.py,assisted,gemini,1970,1.924
MachineLearn-WineClassifier,MachineLearn-WineClassifier/GENAIGREENML_autonomous_chatgpt.py,autonomous,chatgpt,11019,10.761
MachineLearn-WineClassifier,MachineLearn-WineClassifier/GENAIGREENML_autonomous_codex.py,autonomous,codex,8421,8.224
MachineLearn-WineClassifier,MachineLearn-WineClassifier/GENAIGREENML_autonomous_gemini.py,autonomous,gemini,4656,4.547
MachineLearn-WineClassifier,MachineLearn-WineClassifier/GENAIGREENML_original_telemetry_chatgpt.py,original,chatgpt,974,0.951
MaliciousSoftwareClassification,MaliciousSoftwareClassification/GENAIGREENML_assisted_chatgpt.py,assisted,chatgpt,6009,5.868
MaliciousSoftwareClassification,MaliciousSoftwareClassification/GENAIGREENML_assisted_claude.py,assisted,claude,2863,2.796
MaliciousSoftwareClassification,MaliciousSoftwareClassification/GENAIGREENML_assisted_codex.py,assisted,codex,6536,6.383
MaliciousSoftwareClassification,MaliciousSoftwareClassification/GENAIGREENML_assisted_gemini.py,assisted,gemini,4716,4.605
MaliciousSoftwareClassification,MaliciousSoftwareClassification/GENAIGREENML_autonomous_chatgpt.py,autonomous,chatgpt,9133,8.919
MaliciousSoftwareClassification,MaliciousSoftwareClassification/GENAIGREENML_autonomous_codex.py,autonomous,codex,6320,6.172
MaliciousSoftwareClassification,MaliciousSoftwareClassification/GENAIGREENML_autonomous_gemini.py,autonomous,gemini,3854,3.764
MaliciousSoftwareClassification,MaliciousSoftwareClassification/GENAIGREENML_original_telemetry_chatgpt.py,original,chatgpt,3995,3.901
Multi-Turn-Intent-Classification,Multi-Turn-Intent-Classification/GENAIGREENML_assisted_chatgpt.py,assisted,chatgpt,5458,5.330
Multi-Turn-Intent-Classification,Multi-Turn-Intent-Classification/GENAIGREENML_assisted_claude.py,assisted,claude,3202,3.127
Multi-Turn-Intent-Classification,Multi-Turn-Intent-Classification/GENAIGREENML_assisted_codex.py,assisted,codex,6295,6.147
Multi-Turn-Intent-Classification,Multi-Turn-Intent-Classification/GENAIGREENML_assisted_gemini.py,assisted,gemini,3328,3.250
Multi-Turn-Intent-Classification,Multi-Turn-Intent-Classification/GENAIGREENML_autonomous_codex.py,autonomous,codex,11576,11.305
Multi-Turn-Intent-Classification,Multi-Turn-Intent-Classification/GENAIGREENML_autonomous_gemini.py,autonomous,gemini,6291,6.144
Multi-Turn-Intent-Classification,Multi-Turn-Intent-Classification/GENAIGREENML_original_telemetry_chatgpt.py,original,chatgpt,2864,2.797
Na-ve-bayes-algorithm-to-classify-the-fetal-health-,Na-ve-bayes-algorithm-to-classify-the-fetal-health-/GENAIGREENML_assisted_chatgpt.py,assisted,chatgpt,3378,3.299
Na-ve-bayes-algorithm-to-classify-the-fetal-health-,Na-ve-bayes-algorithm-to-classify-the-fetal-health-/GENAIGREENML_assisted_claude.py,assisted,claude,1446,1.412
Na-ve-bayes-algorithm-to-classify-the-fetal-health-,Na-ve-bayes-algorithm-to-classify-the-fetal-health-/GENAIGREENML_assisted_codex.py,assisted,codex,3533,3.450
Na-ve-bayes-algorithm-to-classify-the-fetal-health-,Na-ve-bayes-algorithm-to-classify-the-fetal-health-/GENAIGREENML_assisted_gemini.py,assisted,gemini,1749,1.708
Na-ve-bayes-algorithm-to-classify-the-fetal-health-,Na-ve-bayes-algorithm-to-classify-the-fetal-health-/GENAIGREENML_autonomous_chatgpt.py,autonomous,chatgpt,11553,11.282
Na-ve-bayes-algorithm-to-classify-the-fetal-health-,Na-ve-bayes-algorithm-to-classify-the-fetal-health-/GENAIGREENML_autonomous_claude.py,autonomous,claude,3234,3.158
Na-ve-bayes-algorithm-to-classify-the-fetal-health-,Na-ve-bayes-algorithm-to-classify-the-fetal-health-/GENAIGREENML_autonomous_codex.py,autonomous,codex,9472,9.250
Na-ve-bayes-algorithm-to-classify-the-fetal-health-,Na-ve-bayes-algorithm-to-classify-the-fetal-health-/GENAIGREENML_autonomous_gemini.py,autonomous,gemini,3664,3.578
Na-ve-bayes-algorithm-to-classify-the-fetal-health-,Na-ve-bayes-algorithm-to-classify-the-fetal-health-/GENAIGREENML_original_telemetry_chatgpt.py,original,chatgpt,613,0.599
Network_Intrusion_Detection_System,Network_Intrusion_Detection_System/GENAIGREENML_assisted_chatgpt.py,assisted,chatgpt,2473,2.415
Network_Intrusion_Detection_System,Network_Intrusion_Detection_System/GENAIGREENML_assisted_codex.py,assisted,codex,3445,3.364
Network_Intrusion_Detection_System,Network_Intrusion_Detection_System/GENAIGREENML_autonomous_chatgpt.py,autonomous,chatgpt,10550,10.303
Network_Intrusion_Detection_System,Network_Intrusion_Detection_System/GENAIGREENML_autonomous_codex.py,autonomous,codex,8429,8.231
Network_Intrusion_Detection_System,Network_Intrusion_Detection_System/GENAIGREENML_autonomous_gemini.py,autonomous,gemini,5009,4.892
Network_Intrusion_Detection_System,Network_Intrusion_Detection_System/GENAIGREENML_original_telemetry_chatgpt.py,original,chatgpt,1599,1.562
Predicting-heart-diseases-,Predicting-heart-diseases-/GENAIGREENML_assisted_chatgpt.py,assisted,chatgpt,3300,3.223
Predicting-heart-diseases-,Predicting-heart-diseases-/GENAIGREENML_assisted_claude.py,assisted,claude,2891,2.823
Predicting-heart-diseases-,Predicting-heart-diseases-/GENAIGREENML_assisted_codex.py,assisted,codex,3793,3.704
Predicting-heart-diseases-,Predicting-heart-diseases-/GENAIGREENML_assisted_gemini.py,assisted,gemini,2837,2.771
Predicting-heart-diseases-,Predicting-heart-diseases-/GENAIGREENML_autonomous_chatgpt.py,autonomous,chatgpt,10147,9.909
Predicting-heart-diseases-,Predicting-heart-diseases-/GENAIGREENML_autonomous_claude.py,autonomous,claude,3129,3.056
Predicting-heart-diseases-,Predicting-heart-diseases-/GENAIGREENML_autonomous_codex.py,autonomous,codex,5830,5.693
Predicting-heart-diseases-,Predicting-heart-diseases-/GENAIGREENML_autonomous_gemini.py,autonomous,gemini,5049,4.931
Predicting-heart-diseases-,Predicting-heart-diseases-/GENAIGREENML_original_telemetry_chatgpt.py,original,chatgpt,2596,2.535
Rock-or-Mine-prediction,Rock-or-Mine-prediction/GENAIGREENML_assisted_chatgpt.py,assisted,chatgpt,2254,2.201
Rock-or-Mine-prediction,Rock-or-Mine-prediction/GENAIGREENML_assisted_claude.py,assisted,claude,1643,1.604
Rock-or-Mine-prediction,Rock-or-Mine-prediction/GENAIGREENML_assisted_codex.py,assisted,codex,2487,2.429
Rock-or-Mine-prediction,Rock-or-Mine-prediction/GENAIGREENML_assisted_gemini.py,assisted,gemini,1750,1.709
Rock-or-Mine-prediction,Rock-or-Mine-prediction/GENAIGREENML_autonomous_chatgpt.py,autonomous,chatgpt,10750,10.498
Rock-or-Mine-prediction,Rock-or-Mine-prediction/GENAIGREENML_autonomous_codex.py,autonomous,codex,6784,6.625
Rock-or-Mine-prediction,Rock-or-Mine-prediction/GENAIGREENML_autonomous_gemini.py,autonomous,gemini,3686,3.600
Rock-or-Mine-prediction,Rock-or-Mine-prediction/GENAIGREENML_original_telemetry_chatgpt.py,original,chatgpt,843,0.823
SCT_ML_3,SCT_ML_3/GENAIGREENML_assisted_chatgpt.py,assisted,chatgpt,2606,2.545
SCT_ML_3,SCT_ML_3/GENAIGREENML_assisted_claude.py,assisted,claude,1392,1.359
SCT_ML_3,SCT_ML_3/GENAIGREENML_assisted_codex.py,assisted,codex,3079,3.007
SCT_ML_3,SCT_ML_3/GENAIGREENML_assisted_gemini.py,assisted,gemini,1839,1.796
SCT_ML_3,SCT_ML_3/GENAIGREENML_autonomous_chatgpt.py,autonomous,chatgpt,11195,10.933
SCT_ML_3,SCT_ML_3/GENAIGREENML_autonomous_claude.py,autonomous,claude,3151,3.077
SCT_ML_3,SCT_ML_3/GENAIGREENML_autonomous_codex.py,autonomous,codex,6589,6.435
SCT_ML_3,SCT_ML_3/GENAIGREENML_autonomous_gemini.py,autonomous,gemini,4006,3.912
SCT_ML_3,SCT_ML_3/GENAIGREENML_original_telemetry_chatgpt.py,original,chatgpt,711,0.694
Simple-Naive-Bayes-on-Iris-Dataset,Simple-Naive-Bayes-on-Iris-Dataset/GENAIGREENML_assisted_chatgpt.py,assisted,chatgpt,3346,3.268
Simple-Naive-Bayes-on-Iris-Dataset,Simple-Naive-Bayes-on-Iris-Dataset/GENAIGREENML_assisted_claude.py,assisted,claude,1782,1.740
Simple-Naive-Bayes-on-Iris-Dataset,Simple-Naive-Bayes-on-Iris-Dataset/GENAIGREENML_assisted_codex.py,assisted,codex,4204,4.105
Simple-Naive-Bayes-on-Iris-Dataset,Simple-Naive-Bayes-on-Iris-Dataset/GENAIGREENML_assisted_gemini.py,assisted,gemini,2037,1.989
Simple-Naive-Bayes-on-Iris-Dataset,Simple-Naive-Bayes-on-Iris-Dataset/GENAIGREENML_autonomous_chatgpt.py,autonomous,chatgpt,11917,11.638
Simple-Naive-Bayes-on-Iris-Dataset,Simple-Naive-Bayes-on-Iris-Dataset/GENAIGREENML_autonomous_claude.py,autonomous,claude,3093,3.021
Simple-Naive-Bayes-on-Iris-Dataset,Simple-Naive-Bayes-on-Iris-Dataset/GENAIGREENML_autonomous_codex.py,autonomous,codex,8208,8.016
Simple-Naive-Bayes-on-Iris-Dataset,Simple-Naive-Bayes-on-Iris-Dataset/GENAIGREENML_autonomous_gemini.py,autonomous,gemini,4367,4.265
Simple-Naive-Bayes-on-Iris-Dataset,Simple-Naive-Bayes-on-Iris-Dataset/GENAIGREENML_original_telemetry_chatgpt.py,original,chatgpt,1241,1.212
Social-Network-Ads,Social-Network-Ads/GENAIGREENML_assisted_chatgpt.py,assisted,chatgpt,3700,3.613
Social-Network-Ads,Social-Network-Ads/GENAIGREENML_assisted_claude.py,assisted,claude,1785,1.743
Social-Network-Ads,Social-Network-Ads/GENAIGREENML_assisted_codex.py,assisted,codex,4478,4.373
Social-Network-Ads,Social-Network-Ads/GENAIGREENML_assisted_gemini.py,assisted,gemini,2573,2.513
Social-Network-Ads,Social-Network-Ads/GENAIGREENML_autonomous_chatgpt.py,autonomous,chatgpt,10992,10.734
Social-Network-Ads,Social-Network-Ads/GENAIGREENML_autonomous_claude.py,autonomous,claude,3051,2.979
Social-Network-Ads,Social-Network-Ads/GENAIGREENML_autonomous_codex.py,autonomous,codex,6372,6.223
Social-Network-Ads,Social-Network-Ads/GENAIGREENML_autonomous_gemini.py,autonomous,gemini,4201,4.103
Social-Network-Ads,Social-Network-Ads/GENAIGREENML_original_telemetry_chatgpt.py,original,chatgpt,1267,1.237
Spam-Email-Classifier,Spam-Email-Classifier/GENAIGREENML_assisted_chatgpt.py,assisted,chatgpt,3070,2.998
Spam-Email-Classifier,Spam-Email-Classifier/GENAIGREENML_assisted_claude.py,assisted,claude,2128,2.078
Spam-Email-Classifier,Spam-Email-Classifier/GENAIGREENML_assisted_codex.py,assisted,codex,2574,2.514
Spam-Email-Classifier,Spam-Email-Classifier/GENAIGREENML_assisted_gemini.py,assisted,gemini,2359,2.304
Spam-Email-Classifier,Spam-Email-Classifier/GENAIGREENML_autonomous_chatgpt.py,autonomous,chatgpt,13405,13.091
Spam-Email-Classifier,Spam-Email-Classifier/GENAIGREENML_autonomous_codex.py,autonomous,codex,8245,8.052
Spam-Email-Classifier,Spam-Email-Classifier/GENAIGREENML_autonomous_gemini.py,autonomous,gemini,3853,3.763
Spam-Email-Classifier,Spam-Email-Classifier/GENAIGREENML_original_telemetry_chatgpt.py,original,chatgpt,1108,1.082
SparkMLClassification,SparkMLClassification/GENAIGREENML_assisted_chatgpt.py,assisted,chatgpt,3616,3.531
SparkMLClassification,SparkMLClassification/GENAIGREENML_assisted_claude.py,assisted,claude,3364,3.285
SparkMLClassification,SparkMLClassification/GENAIGREENML_assisted_codex.py,assisted,codex,5153,5.032
SparkMLClassification,SparkMLClassification/GENAIGREENML_assisted_gemini.py,assisted,gemini,3206,3.131
SparkMLClassification,SparkMLClassification/GENAIGREENML_autonomous_chatgpt.py,autonomous,chatgpt,8724,8.520
SparkMLClassification,SparkMLClassification/GENAIGREENML_autonomous_codex.py,autonomous,codex,11411,11.144
SparkMLClassification,SparkMLClassification/GENAIGREENML_autonomous_gemini.py,autonomous,gemini,5255,5.132
SparkMLClassification,SparkMLClassification/GENAIGREENML_original_telemetry_chatgpt.py,original,chatgpt,3101,3.028
Supervised-Data-mining-Customer-satisfaction-prediction-,Supervised-Data-mining-Customer-satisfaction-prediction-/GENAIGREENML_assisted_chatgpt.py,assisted,chatgpt,4832,4.719
Supervised-Data-mining-Customer-satisfaction-prediction-,Supervised-Data-mining-Customer-satisfaction-prediction-/GENAIGREENML_assisted_claude.py,assisted,claude,3017,2.946
Supervised-Data-mining-Customer-satisfaction-prediction-,Supervised-Data-mining-Customer-satisfaction-prediction-/GENAIGREENML_assisted_codex.py,assisted,codex,4179,4.081
Supervised-Data-mining-Customer-satisfaction-prediction-,Supervised-Data-mining-Customer-satisfaction-prediction-/GENAIGREENML_assisted_gemini.py,assisted,gemini,3150,3.076
Supervised-Data-mining-Customer-satisfaction-prediction-,Supervised-Data-mining-Customer-satisfaction-prediction-/GENAIGREENML_autonomous_chatgpt.py,autonomous,chatgpt,8399,8.202
Supervised-Data-mining-Customer-satisfaction-prediction-,Supervised-Data-mining-Customer-satisfaction-prediction-/GENAIGREENML_autonomous_codex.py,autonomous,codex,7070,6.904
Supervised-Data-mining-Customer-satisfaction-prediction-,Supervised-Data-mining-Customer-satisfaction-prediction-/GENAIGREENML_autonomous_gemini.py,autonomous,gemini,4491,4.386
Supervised-Data-mining-Customer-satisfaction-prediction-,Supervised-Data-mining-Customer-satisfaction-prediction-/GENAIGREENML_original_telemetry_chatgpt.py,original,chatgpt,3170,3.096
Svm-GridsearchCV,Svm-GridsearchCV/GENAIGREENML_assisted_chatgpt.py,assisted,chatgpt,3642,3.557
Svm-GridsearchCV,Svm-GridsearchCV/GENAIGREENML_assisted_claude.py,assisted,claude,2361,2.306
Svm-GridsearchCV,Svm-GridsearchCV/GENAIGREENML_assisted_codex.py,assisted,codex,2287,2.233
Svm-GridsearchCV,Svm-GridsearchCV/GENAIGREENML_assisted_gemini.py,assisted,gemini,2520,2.461
Svm-GridsearchCV,Svm-GridsearchCV/GENAIGREENML_autonomous_chatgpt.py,autonomous,chatgpt,10740,10.488
Svm-GridsearchCV,Svm-GridsearchCV/GENAIGREENML_autonomous_codex.py,autonomous,codex,6791,6.632
Svm-GridsearchCV,Svm-GridsearchCV/GENAIGREENML_autonomous_gemini.py,autonomous,gemini,4968,4.852
Svm-GridsearchCV,Svm-GridsearchCV/GENAIGREENML_original_telemetry_chatgpt.py,original,chatgpt,1045,1.021
Voting-Data-Classification,Voting-Data-Classification/GENAIGREENML_assisted_chatgpt.py,assisted,chatgpt,3614,3.529
Voting-Data-Classification,Voting-Data-Classification/GENAIGREENML_assisted_claude.py,assisted,claude,2096,2.047
Voting-Data-Classification,Voting-Data-Classification/GENAIGREENML_assisted_codex.py,assisted,codex,3246,3.170
Voting-Data-Classification,Voting-Data-Classification/GENAIGREENML_assisted_gemini.py,assisted,gemini,2582,2.521
Voting-Data-Classification,Voting-Data-Classification/GENAIGREENML_autonomous_chatgpt.py,autonomous,chatgpt,13677,13.356
Voting-Data-Classification,Voting-Data-Classification/GENAIGREENML_autonomous_claude.py,autonomous,claude,3061,2.989
Voting-Data-Classification,Voting-Data-Classification/GENAIGREENML_autonomous_codex.py,autonomous,codex,6391,6.241
Voting-Data-Classification,Voting-Data-Classification/GENAIGREENML_autonomous_gemini.py,autonomous,gemini,4400,4.297
Voting-Data-Classification,Voting-Data-Classification/GENAIGREENML_original_telemetry_chatgpt.py,original,chatgpt,3893,3.802
animals-classification,animals-classification/GENAIGREENML_assisted_chatgpt.py,assisted,chatgpt,2957,2.888
animals-classification,animals-classification/GENAIGREENML_assisted_claude.py,assisted,claude,1287,1.257
animals-classification,animals-classification/GENAIGREENML_assisted_codex.py,assisted,codex,2491,2.433
animals-classification,animals-classification/GENAIGREENML_assisted_gemini.py,assisted,gemini,1617,1.579
animals-classification,animals-classification/GENAIGREENML_autonomous_chatgpt.py,autonomous,chatgpt,9541,9.317
animals-classification,animals-classification/GENAIGREENML_autonomous_codex.py,autonomous,codex,6835,6.675
animals-classification,animals-classification/GENAIGREENML_autonomous_gemini.py,autonomous,gemini,5024,4.906
animals-classification,animals-classification/GENAIGREENML_original_telemetry_chatgpt.py,original,chatgpt,884,0.863
cancer_prediction,cancer_prediction/GENAIGREENML_assisted_chatgpt.py,assisted,chatgpt,3561,3.478
cancer_prediction,cancer_prediction/GENAIGREENML_assisted_claude.py,assisted,claude,1943,1.897
cancer_prediction,cancer_prediction/GENAIGREENML_assisted_codex.py,assisted,codex,4560,4.453
cancer_prediction,cancer_prediction/GENAIGREENML_assisted_gemini.py,assisted,gemini,2580,2.520
cancer_prediction,cancer_prediction/GENAIGREENML_autonomous_chatgpt.py,autonomous,chatgpt,9199,8.983
cancer_prediction,cancer_prediction/GENAIGREENML_autonomous_claude.py,autonomous,claude,3240,3.164
cancer_prediction,cancer_prediction/GENAIGREENML_autonomous_codex.py,autonomous,codex,7312,7.141
cancer_prediction,cancer_prediction/GENAIGREENML_autonomous_gemini.py,autonomous,gemini,3697,3.610
cancer_prediction,cancer_prediction/GENAIGREENML_original_telemetry_chatgpt.py,original,chatgpt,1390,1.357
cars-classification,cars-classification/GENAIGREENML_assisted_chatgpt.py,assisted,chatgpt,3752,3.664
cars-classification,cars-classification/GENAIGREENML_assisted_claude.py,assisted,claude,2031,1.983
cars-classification,cars-classification/GENAIGREENML_assisted_codex.py,assisted,codex,2745,2.681
cars-classification,cars-classification/GENAIGREENML_assisted_gemini.py,assisted,gemini,1542,1.506
cars-classification,cars-classification/GENAIGREENML_autonomous_chatgpt.py,autonomous,chatgpt,9361,9.142
cars-classification,cars-classification/GENAIGREENML_autonomous_codex.py,autonomous,codex,6234,6.088
cars-classification,cars-classification/GENAIGREENML_autonomous_gemini.py,autonomous,gemini,5768,5.633
cars-classification,cars-classification/GENAIGREENML_original_telemetry_chatgpt.py,original,chatgpt,1043,1.019
diabetes_predictive_analysis,diabetes_predictive_analysis/GENAIGREENML_assisted_chatgpt.py,assisted,chatgpt,3511,3.429
diabetes_predictive_analysis,diabetes_predictive_analysis/GENAIGREENML_assisted_claude.py,assisted,claude,2743,2.679
diabetes_predictive_analysis,diabetes_predictive_analysis/GENAIGREENML_assisted_codex.py,assisted,codex,3161,3.087
diabetes_predictive_analysis,diabetes_predictive_analysis/GENAIGREENML_assisted_gemini.py,assisted,gemini,2422,2.365
diabetes_predictive_analysis,diabetes_predictive_analysis/GENAIGREENML_autonomous_chatgpt.py,autonomous,chatgpt,11642,11.369
diabetes_predictive_analysis,diabetes_predictive_analysis/GENAIGREENML_autonomous_claude.py,autonomous,claude,3127,3.054
diabetes_predictive_analysis,diabetes_predictive_analysis/GENAIGREENML_autonomous_codex.py,autonomous,codex,5883,5.745
diabetes_predictive_analysis,diabetes_predictive_analysis/GENAIGREENML_autonomous_gemini.py,autonomous,gemini,4568,4.461
diabetes_predictive_analysis,diabetes_predictive_analysis/GENAIGREENML_original_telemetry_chatgpt.py,original,chatgpt,2533,2.474
dyslexia-randomforest,dyslexia-randomforest/GENAIGREENML_assisted_chatgpt.py,assisted,chatgpt,4873,4.759
dyslexia-randomforest,dyslexia-randomforest/GENAIGREENML_assisted_claude.py,assisted,claude,2605,2.544
dyslexia-randomforest,dyslexia-randomforest/GENAIGREENML_assisted_codex.py,assisted,codex,7612,7.434
dyslexia-randomforest,dyslexia-randomforest/GENAIGREENML_assisted_gemini.py,assisted,gemini,2341,2.286
dyslexia-randomforest,dyslexia-randomforest/GENAIGREENML_autonomous_chatgpt.py,autonomous,chatgpt,11319,11.054
dyslexia-randomforest,dyslexia-randomforest/GENAIGREENML_autonomous_codex.py,autonomous,codex,7666,7.486
dyslexia-randomforest,dyslexia-randomforest/GENAIGREENML_autonomous_gemini.py,autonomous,gemini,4293,4.192
dyslexia-randomforest,dyslexia-randomforest/GENAIGREENML_original_telemetry_chatgpt.py,original,chatgpt,2505,2.446
spam-ham-detection,spam-ham-detection/GENAIGREENML_assisted_chatgpt.py,assisted,chatgpt,2442,2.385
spam-ham-detection,spam-ham-detection/GENAIGREENML_assisted_claude.py,assisted,claude,1419,1.386
spam-ham-detection,spam-ham-detection/GENAIGREENML_assisted_codex.py,assisted,codex,3426,3.346
spam-ham-detection,spam-ham-detection/GENAIGREENML_assisted_gemini.py,assisted,gemini,2068,2.020
spam-ham-detection,spam-ham-detection/GENAIGREENML_autonomous_chatgpt.py,autonomous,chatgpt,9907,9.675
spam-ham-detection,spam-ham-detection/GENAIGREENML_autonomous_claude.py,autonomous,claude,3229,3.153
spam-ham-detection,spam-ham-detection/GENAIGREENML_autonomous_codex.py,autonomous,codex,6706,6.549
spam-ham-detection,spam-ham-detection/GENAIGREENML_autonomous_gemini.py,autonomous,gemini,4001,3.907
spam-ham-detection,spam-ham-detection/GENAIGREENML_original_telemetry_chatgpt.py,original,chatgpt,810,0.791
student-math-ml-analysis,student-math-ml-analysis/analysis/GENAIGREENML_assisted_chatgpt.py,assisted,chatgpt,3567,3.483
student-math-ml-analysis,student-math-ml-analysis/analysis/GENAIGREENML_assisted_claude.py,assisted,claude,2885,2.817
student-math-ml-analysis,student-math-ml-analysis/analysis/GENAIGREENML_assisted_codex.py,assisted,codex,3116,3.043
student-math-ml-analysis,student-math-ml-analysis/analysis/GENAIGREENML_assisted_gemini.py,assisted,gemini,3026,2.955
student-math-ml-analysis,student-math-ml-analysis/analysis/GENAIGREENML_autonomous_codex.py,autonomous,codex,5887,5.749
student-math-ml-analysis,student-math-ml-analysis/analysis/GENAIGREENML_autonomous_gemini.py,autonomous,gemini,5578,5.447
student-math-ml-analysis,student-math-ml-analysis/analysis/GENAIGREENML_original_telemetry_chatgpt.py,original,chatgpt,3594,3.510
